A_INT_id	A_INT_hero_id	A_INT_need_level	A_INT_node_type	A_ARR_cost	A_ARR_camp_att
cs	cs	cs	cs	cs	cs
int	int	int	int	ext[]	ext[]
Id	HeroId	NeedLevel	NodeType	Cost	CampAtt
					
				TypIDVal_P_cspb	Effect_P
节点编号(英雄真实ID*100+序号)	所属SSR英雄真实ID	解锁需求战魂等级	节点类型 1普通(达级自动生效) 2阶段(需消耗道具)	阶段节点解锁消耗	阵营属性(加给该SSR所在阵营的全部英雄)
					
					
3201	32	5	1	[]	"[{""typ"":""buff"",""id"":40110,""val"":100}]"
3202	32	10	1	[]	"[{""typ"":""buff"",""id"":40110,""val"":200}]"
3203	32	15	2	[]	"[{""typ"":""buff"",""id"":40110,""val"":300}]"
3204	32	20	1	[]	"[{""typ"":""buff"",""id"":40110,""val"":400}]"
3205	32	25	2	[]	"[{""typ"":""buff"",""id"":40110,""val"":500}]"
3501	35	5	1	[]	"[{""typ"":""buff"",""id"":40110,""val"":100}]"
3502	35	10	1	[]	"[{""typ"":""buff"",""id"":40110,""val"":200}]"
3503	35	15	2	[]	"[{""typ"":""buff"",""id"":40110,""val"":300}]"
3504	35	20	1	[]	"[{""typ"":""buff"",""id"":40110,""val"":400}]"
3505	35	25	2	[]	"[{""typ"":""buff"",""id"":40110,""val"":500}]"
4201	42	5	1	[]	"[{""typ"":""buff"",""id"":40110,""val"":100}]"
4202	42	10	1	[]	"[{""typ"":""buff"",""id"":40110,""val"":200}]"
4203	42	15	2	[]	"[{""typ"":""buff"",""id"":40110,""val"":300}]"
4204	42	20	1	[]	"[{""typ"":""buff"",""id"":40110,""val"":400}]"
4205	42	25	2	[]	"[{""typ"":""buff"",""id"":40110,""val"":500}]"
4901	49	5	1	[]	"[{""typ"":""buff"",""id"":40110,""val"":100}]"
4902	49	10	1	[]	"[{""typ"":""buff"",""id"":40110,""val"":200}]"
4903	49	15	2	[]	"[{""typ"":""buff"",""id"":40110,""val"":300}]"
4904	49	20	1	[]	"[{""typ"":""buff"",""id"":40110,""val"":400}]"
4905	49	25	2	[]	"[{""typ"":""buff"",""id"":40110,""val"":500}]"
5101	51	5	1	[]	"[{""typ"":""buff"",""id"":40110,""val"":100}]"
5102	51	10	1	[]	"[{""typ"":""buff"",""id"":40110,""val"":200}]"
5103	51	15	2	[]	"[{""typ"":""buff"",""id"":40110,""val"":300}]"
5104	51	20	1	[]	"[{""typ"":""buff"",""id"":40110,""val"":400}]"
5105	51	25	2	[]	"[{""typ"":""buff"",""id"":40110,""val"":500}]"
5201	52	5	1	[]	"[{""typ"":""buff"",""id"":40110,""val"":100}]"
5202	52	10	1	[]	"[{""typ"":""buff"",""id"":40110,""val"":200}]"
5203	52	15	2	[]	"[{""typ"":""buff"",""id"":40110,""val"":300}]"
5204	52	20	1	[]	"[{""typ"":""buff"",""id"":40110,""val"":400}]"
5205	52	25	2	[]	"[{""typ"":""buff"",""id"":40110,""val"":500}]"
5301	53	5	1	[]	"[{""typ"":""buff"",""id"":40110,""val"":100}]"
5302	53	10	1	[]	"[{""typ"":""buff"",""id"":40110,""val"":200}]"
5303	53	15	2	[]	"[{""typ"":""buff"",""id"":40110,""val"":300}]"
5304	53	20	1	[]	"[{""typ"":""buff"",""id"":40110,""val"":400}]"
5305	53	25	2	[]	"[{""typ"":""buff"",""id"":40110,""val"":500}]"
5401	54	5	1	[]	"[{""typ"":""buff"",""id"":40110,""val"":100}]"
5402	54	10	1	[]	"[{""typ"":""buff"",""id"":40110,""val"":200}]"
5403	54	15	2	[]	"[{""typ"":""buff"",""id"":40110,""val"":300}]"
5404	54	20	1	[]	"[{""typ"":""buff"",""id"":40110,""val"":400}]"
5405	54	25	2	[]	"[{""typ"":""buff"",""id"":40110,""val"":500}]"
5501	55	5	1	[]	"[{""typ"":""buff"",""id"":40110,""val"":100}]"
5502	55	10	1	[]	"[{""typ"":""buff"",""id"":40110,""val"":200}]"
5503	55	15	2	[]	"[{""typ"":""buff"",""id"":40110,""val"":300}]"
5504	55	20	1	[]	"[{""typ"":""buff"",""id"":40110,""val"":400}]"
5505	55	25	2	[]	"[{""typ"":""buff"",""id"":40110,""val"":500}]"
5601	56	5	1	[]	"[{""typ"":""buff"",""id"":40110,""val"":100}]"
5602	56	10	1	[]	"[{""typ"":""buff"",""id"":40110,""val"":200}]"
5603	56	15	2	[]	"[{""typ"":""buff"",""id"":40110,""val"":300}]"
5604	56	20	1	[]	"[{""typ"":""buff"",""id"":40110,""val"":400}]"
5605	56	25	2	[]	"[{""typ"":""buff"",""id"":40110,""val"":500}]"
5701	57	5	1	[]	"[{""typ"":""buff"",""id"":40110,""val"":100}]"
5702	57	10	1	[]	"[{""typ"":""buff"",""id"":40110,""val"":200}]"
5703	57	15	2	[]	"[{""typ"":""buff"",""id"":40110,""val"":300}]"
5704	57	20	1	[]	"[{""typ"":""buff"",""id"":40110,""val"":400}]"
5705	57	25	2	[]	"[{""typ"":""buff"",""id"":40110,""val"":500}]"
5801	58	5	1	[]	"[{""typ"":""buff"",""id"":40110,""val"":100}]"
5802	58	10	1	[]	"[{""typ"":""buff"",""id"":40110,""val"":200}]"
5803	58	15	2	[]	"[{""typ"":""buff"",""id"":40110,""val"":300}]"
5804	58	20	1	[]	"[{""typ"":""buff"",""id"":40110,""val"":400}]"
5805	58	25	2	[]	"[{""typ"":""buff"",""id"":40110,""val"":500}]"
6401	64	5	1	[]	"[{""typ"":""buff"",""id"":40110,""val"":100}]"
6402	64	10	1	[]	"[{""typ"":""buff"",""id"":40110,""val"":200}]"
6403	64	15	2	[]	"[{""typ"":""buff"",""id"":40110,""val"":300}]"
6404	64	20	1	[]	"[{""typ"":""buff"",""id"":40110,""val"":400}]"
6405	64	25	2	[]	"[{""typ"":""buff"",""id"":40110,""val"":500}]"
6501	65	5	1	[]	"[{""typ"":""buff"",""id"":40110,""val"":100}]"
6502	65	10	1	[]	"[{""typ"":""buff"",""id"":40110,""val"":200}]"
6503	65	15	2	[]	"[{""typ"":""buff"",""id"":40110,""val"":300}]"
6504	65	20	1	[]	"[{""typ"":""buff"",""id"":40110,""val"":400}]"
6505	65	25	2	[]	"[{""typ"":""buff"",""id"":40110,""val"":500}]"
